{"accuracy": [0.6237925887107849, 0.83833247423172, 0.885104238986969, 0.920183002948761, 0.9273004531860352, 0.9247584939002991, 0.9267920851707458, 0.9664463400840759, 0.9588205218315125, 0.9613624811172485], "loss": [3.2508976459503174, 0.4343431890010834, 0.3196173310279846, 0.2413811981678009, 0.25569915771484375, 0.22596076130867004, 0.21296526491641998, 0.09926562011241913, 0.1256449818611145, 0.11986973136663437], "val_accuracy": [0.8476190567016602, 0.8547618985176086, 0.8952381014823914, 0.9285714030265808, 0.9261904954910278, 0.9357143044471741, 0.9142857193946838, 0.9261904954910278, 0.9309523701667786, 0.9404761791229248], "val_loss": [0.45273852348327637, 0.43762505054473877, 0.34213948249816895, 0.2516201436519623, 0.3202219605445862, 0.2885702848434448, 0.34982261061668396, 0.3565147817134857, 0.3831728398799896, 0.35349079966545105]}